Task,Prompt,Response A,Response B,Response C,Best,Ranking,Confidence,Justification,Error Type,Learning signal
1,What is the best way to build muscle?,"Building muscle primarily requires progressive overload, meaning you gradually increase the weight or resistance in your training over time. You should also ensure you’re eating enough protein and calories to support muscle growth, and getting sufficient rest for recovery.","The best way to build muscle is to train hard and stay consistent. Focus on lifting weights regularly, eat well, and make sure you’re pushing yourself each session.","To build muscle quickly, you should train every day and push your muscles to failure in every workout. The more you train, the faster your muscles will grow.",A,A>B>C,3,A is the best because it is correct and helpful. It is more actionable and clear than B. C is incorrect,Factual Error and overgeneralization,Prefer responses that provide specific details over general guidelines.
2,How many days a week should I work out?,"Most people benefit from working out around 3–5 days per week, depending on their goals and fitness level. This allows enough stimulus for progress while still giving the body time to recover between sessions.","You should work out every day if you want the best results. Training more frequently will always lead to faster progress, as long as you stay consistent.","It depends on your schedule, but you can work out whenever you have time. Even once or twice a week is fine if that’s what works for you.",A,A>C>B,3,"A is the best because it mentions that it depends on your goals and gives an accurate range of days. C is not incorrect, but uses vague terms like ""is fine"" and "" is vague and ""whenever"".B is misleading and would lead to dangerous overtraining.",Overgeneralization and Overconfidence,Prefer responses that address ambiguity in the prompt and avoid responses that are vague and overgeneralized
3,Is cardio or weight training better for fat loss?,"Both cardio and weight training can help with fat loss, but the key factor is maintaining a calorie deficit. Weight training helps preserve muscle mass, while cardio can help increase calorie expenditure, so a combination of both is generally most effective.","Cardio is better for fat loss because it burns more calories during the workout. If your goal is to lose fat, you should focus primarily on cardio exercises like running or cycling.","Weight training is better for fat loss because muscle burns more calories than fat. The more muscle you build, the more fat you will lose, so lifting weights is the best approach.",A,A>B>C,2,"A is the most accurate because it addresses a critical idea: calorie defecit is more than the method of training, because both methods will work. B is better than C because C is more misleading (more muscle does not mean less fat). C is",Overgeneralization and factual error (misleading),Prefer responses that identify and address the key idea behind the prompt (e.g. fat loss is the real goal)
4,Should I eat before or after a workout?,"It depends on your goals and timing. Eating before a workout can provide energy and improve performance, especially if it’s been a while since your last meal. Eating after a workout helps with recovery by replenishing glycogen stores and supporting muscle repair, so both can be beneficial.","You should always eat after a workout, not before. Eating beforehand can make you feel sluggish, while eating after ensures your body recovers properly.","It doesn’t really matter whether you eat before or after a workout, as long as you eat something at some point during the day.",A,A>B>C,3,"A addresses the nuance of eating before and after and provides a detailed and accurate explanation of each side. B is not incorrect, but misses the nuance of both sides. C is unhelpful and misleading, not providing any useful guidance to the user.","C is incomplete, misses the key aspect of the question. C is also overgeneralized. ",Prefer responses that identify and address nuance then provide detailed explanations that are helpful and accurate. 
5,How much protein do I need per day to build muscle?,Most people aiming to build muscle should consume around 1.6–2.2 grams of protein per kilogram of body weight per day. This range is supported by research and helps maximize muscle growth when combined with resistance training.,"You should eat as much protein as possible if you want to build muscle. The more protein you consume, the more muscle you will gain.","A good rule of thumb is to aim for about 0.8 grams of protein per kilogram of body weight per day, which is the general recommended daily intake for adults.",A,A>B>C,3,"A provides the most correct range of protein intake and provides additional, relevant information that will help the user (importance of resistance training). B is overgeneralised and lacks specificty but is more helpful and correct than C, which is factually wrong. ",C: Factual Error,"Prefer responses that provide specific, verifiable information that is helpful to the user over responses that lack specificity or have missed key aspects of the questions and provide irrelevant (albeit factual) evidence. "
6,Is it better to do fasted cardio for fat loss?,"Fasted cardio can increase fat oxidation during the workout, but this does not necessarily lead to greater fat loss over time. Overall fat loss is determined by total calorie balance, so fasted cardio is not inherently better than fed cardio.",Fasted cardio is better for fat loss because your body burns more fat when you exercise without eating first. This makes it the most effective way to lose fat.,"You can do fasted cardio if you prefer it, but it doesn’t make a significant difference for fat loss compared to doing cardio after eating. The most important factor is maintaining a consistent calorie deficit over time.",A,A>C>B,2,"A provides the most factually correct information (fat burn is higher when fasted, but long term results depend on calorie intake). Although C may be misleading in stating that there is no significant difference, it does address the nuance in that personal preference is important and that calorie intake over the long run is more important. B is correct but gives an unneccassary absolute answer and is thus less helpful to the user. ",B: Overgeneralized,"Prefer responses that provide specific, factual information and context without misleading or over generalizing."
7,Do I need supplements to build muscle?,"No, supplements are not necessary to build muscle. As long as you are meeting your calorie and protein needs through whole foods and following a proper training program, you can build muscle effectively without them.","Supplements are essential for building muscle. Without protein powders, creatine, and other supplements, it is very difficult to make progress.","Supplements can help support muscle growth, but they are not required. Some, like protein powder or creatine, may be convenient or beneficial, but they should not replace a solid diet and training routine",C,C>A>B,2,"Both A and C are factually correct, but C provides additional context (supplements can support growth and are convenient). B is factually incorrect, supplements are not essential. ",B: Factual Error and misleading,Prefer responses that are factually correct and provide additional context that is helpful to the user's understanding. 
8,Should I do cardio before or after lifting weights?,"It depends on your primary goal. If your main goal is strength or muscle gain, it’s generally better to lift weights first so you can train with maximum energy. If your goal is cardiovascular fitness, doing cardio first may make more sense.",You should always do cardio after lifting weights. Doing cardio first will reduce your strength and make your workout less effective.,"The order of cardio and weight training doesn’t matter much, so you can do whichever you prefer based on convenience.",A,A>B>C,3,"A is factually correct and highlights the trade off: it ultimately depends on your goals. B is misleading and making false claims, while C is factually incorrect.",C: Factual Error - misleading information,Prefer responses that are not misleading or making false claims and that address trade offs decisions when guiding decision-making.
9,Do I need to eat immediately after a workout to build muscle?,"You don’t need to eat immediately after a workout, but consuming protein within a few hours can support muscle recovery and growth. The idea of a strict “anabolic window” is somewhat overstated, as total daily protein intake is more important.","Yes, you need to eat right after your workout to build muscle. If you don’t eat within 30 minutes, your body will miss the opportunity to grow.","It’s best to eat something after your workout, but the exact timing isn’t critical. As long as you’re getting enough protein throughout the day, your muscles will still grow.",A,A>C>B,3,"A and C address the nuance which is that it is best to eat relatively soon after a workout, but it is not more important than daily intake. However, A provides more specific details on the timing window and also mentions a common misconception which is relevant to the prompt. C is overconfident and making misleading claims in the 2nd sentence - you will not miss the opportunity to grow if you don't eat within 30 minutes, it is best but not essential for growth. ",B: Misleading claims (worse because it supports a common misconception),Prefer responses that provide actionable guidelines with specific details while also addressing any common misconceptions related to the prompt. 
10,Can I build muscle while losing fat at the same time?,"Yes, it is possible to build muscle while losing fat, especially for beginners or those returning after a break. This is often referred to as body recomposition and typically requires a combination of resistance training, adequate protein intake, and a slight calorie deficit.","No, you cannot build muscle while losing fat. Muscle gain requires a calorie surplus, while fat loss requires a deficit, so the two processes cannot happen at the same time.","It is very difficult to build muscle while losing fat, but not impossible. Most people will see better results by focusing on one goal at a time, either gaining muscle or losing fat.",A,A>C>B,3,"A provides the most context (easiest for newcomers and those returning) while also providing helpful, specific advice (resistance training, adequate protein intake, and a slight calorie deficit). C is factual but lacks the detail and nuance of A (does not explain why it is difficult and who it may be easier for). In denying that fat loss and muscel gain can occur simultaneously, B makes a factually wrong statement.",B: False Claim,Prefer responses that provide additional context that is helpful and specific without making false claims.
11,Do I need to train to failure to build muscle?,"Training to failure can be effective for muscle growth, but it’s not required. You can still build muscle by training close to failure while maintaining good form and managing fatigue.","You must train to failure on every set to build muscle. If you stop before failure, your muscles won’t grow effectively.","Training to failure is one way to build muscle, but many people get good results without doing it regularly. Consistency, volume, and progressive overload are more important overall.",A,A>C>B,2,"A and C are both correctly state that training to failure is not neccesssary for muscle growth and provide alternatives, however, A stays on topic, referencing that training close to failure is effective. So A is more clear and concise. B is hyperbolic and misleading, muscle can be built without training to failure.",B: Misleading Claim,Prefer responses that are factual and expand with relevant information that is clearly related and concise.
12,Is soreness after a workout a good indicator of muscle growth?,"Muscle soreness can occur after a workout, especially when trying new exercises, but it is not a reliable indicator of muscle growth. You can build muscle without feeling sore.","Yes, soreness means your muscles are growing. If you’re not sore after a workout, it means your workout wasn’t effective.","Soreness can be a sign that your muscles were challenged, but it doesn’t necessarily mean growth is happening. Other factors like progressive overload are more important.",C,C>A>B,3,"C and A are both correct in that soreness is not a reliable indicator for growth, however C is more clear in stating that it is a sign muscles were challenged, as opposed to A stating that soreness can be related to trying new exercises which is somewhat incomplete and misleading in this case. B is misleading, while muscle soreness is a sign that your work out may have been effective, it is not an indicator of growth.","B: Misleading claim, incomplete information",Prefer responses that provide relevant examples that are helpful in userstanding as opposed to responses that are misleading or incomplete.
13,Should I lift heavy weights or light weights for muscle growth?,"Both heavy and light weights can build muscle, as long as you train with sufficient effort. Heavier weights typically build strength more efficiently, while lighter weights can still stimulate growth if taken close to failure.",You should always lift heavy weights for muscle growth. Light weights are not effective for building muscle.,Light weights are better for muscle growth because they allow you to do more repetitions and feel the burn more.,A,A>C>B,3,"A provides correctly states that both weights are effective for muscle growth and provides nuanced explanations on both sides. C incorrectly states that light weights are ""better"" but does not rule out heavy weights as having potential. B completely invalidates light weights which is factually incorrect and misleading.",B: Factual Error,Prefer responses that correctly acknoweledge and explain factual nuance.
14,Do I need to follow a strict diet to lose fat?,"You don’t need an extremely strict diet, but you do need to maintain a calorie deficit. Consistency and overall calorie intake matter more than strict rules.","Yes, you need to follow a very strict diet and cut out all unhealthy foods completely to lose fat.","You can lose fat without following a strict diet, as long as you try to eat healthier foods and stay active.",A,A>C>B,3,"A correctly explains that defecit and consistency are more important than strict rules, whereas C is less helpful and somewhat misleading (eating healthier foods and staying active will not neccessarily result in weight loss without caloric defecit). B is misleading  falsely claims that you cannot eat unhealthy food and still lose fat.",B: False Claim,Prefer responses that highlights key concepts in a topic without providing misleading or incomplete information.
15,How important is sleep for muscle growth?,"Sleep is very important for muscle growth, as it supports recovery, hormone regulation, and overall performance. Poor sleep can negatively impact progress.","Sleep is not that important for muscle growth. As long as you train hard and eat enough protein, you will still build muscle.","Sleep plays a role in recovery, but you can still make progress even if your sleep isn’t perfect.",A,A>C>B,3,A correctly states the importance of sleep for muscle growth and recovery while C somewhat undermines the importance of sleep for muscle growth. B incorrectly states that sleep is not important.,B: Misleading claim,Prefer responses that correctly identify the most important factors around a topic and do not downplay or mislead their relevance.
16,Should I do the same workout every week?,"You can repeat the same workout structure, but you should aim to progressively increase difficulty over time, such as by adding weight, reps, or improving technique.","You should change your workout every week to keep your muscles guessing, otherwise they will stop growing.","Doing the same workout every week is fine, as long as you are consistent.",A,A>C>B,3,"A correctly states that you should increase difficulty over time, but does not mention the fact that you should also try new exercises every now and then. B is more correct than C in that B states that you should not do the same workout every week, however it's reasoning is wrong. C is misleading, consistently doing the same workout will need lead to improvements.",B: False claim and overgeneralization,Prefer responses that correctly identify nuance and provide helpful examples over those that give oversimplified or false information.
17,Is lifting weights dangerous?,"Lifting weights is generally safe when performed with proper technique and appropriate loads. Injuries can occur, but risk is low when training is done correctly.","Lifting weights is dangerous because it can easily lead to injuries, especially if you are not experienced.","Lifting weights can be dangerous if done incorrectly, but it can also be safe if proper form and precautions are followed.",A,A>C>B,3,"A correctly states that weight lifting is generally safe and then provides relevant guidance as to how lift weights safely (technique, loading ) while also acknowledging the risk. C provides the same sentiment but is less detailed on how it can be done safely. B overstates the risk involved. ",B: Extreme ,Prefer responses that do not exagerate facts and provide helpful examples and additional information.
18,Do I need to eat carbs to build muscle?,"Carbohydrates are not strictly required to build muscle, but they can support training performance and recovery. Protein intake and overall calories are more critical.","You must eat carbohydrates to build muscle. Without carbs, your muscles will not grow.","Carbs are useful for energy, but you can still build muscle without them if your overall nutrition is sufficient.",A,A>C>B,3,"A correctly identifies and explain the nuance in that carbs are not essential but can be helpful and provides helpful guidance (protein and calories more important). C also notes that carbs are non-essential but can aid recovery but fails to provide sufficient detail in the explanation (""useful"" and ""sufficient"" are vague). B falsely claims that carbs are neccessary for muscle growth.",B: Overgeneralized,"Prefer responses that are detailed and nuanced over those that are vague, incomplete, or misleading."
19,Is it better to work out in the morning or evening?,The best time to work out depends on your schedule and when you feel most energetic. Consistency is more important than the specific time of day.,Working out in the morning is always better because your metabolism is higher and you will burn more calories.,"Evening workouts can be better for performance for some people, but the most important factor is choosing a time you can stick to consistently.",C,C>A>B,3,"C correctly states that performance is better for most in the evening, but emphasizes another relevant point that consistency is most important. Response A mentions consistency, but neglects to mention that evening is typically better. B incorrectly states that morning is best and presents a true, but irrelvant fact.",B: Misleading and verbose,Prefer responses that correctly identify relevant facts and themes while also giving practical guidance.
20,Do I need to do cardio to lose fat?,"Cardio is not required for fat loss, but it can help increase calorie expenditure. Fat loss ultimately depends on maintaining a calorie deficit.","You must do cardio to lose fat. Without cardio, it is not possible to burn enough calories to lose fat.","Cardio can help with fat loss, but diet plays a bigger role. You can lose fat without cardio if you manage your calorie intake.",A,A>C>B,3,A correctly answers the question about fat loss and cardio but also addresses a relevant theme in that cardio can assist fat loss. C fails to mention the relevance of cardio in fat loss. B incorrectly states that cardio is required to burn enough calories for fat loss.,B: Factual Error,"Prefer responses that provide detailed, correct answers while also connecting implicit themes in the explanation."